tshirt,size
1,medium
2,large
3,medium
4,large
5,small
6,small
7,medium
8,large
9,large
10,medium
11,large
12,medium
13,large
14,large
15,large
16,small
17,medium
18,small
19,large
20,medium
21,medium
22,medium
23,medium
24,large
25,large
26,large
27,large
28,large
29,small
30,large
31,small
32,small
33,small
34,large
35,medium
36,small
37,medium
38,small
39,large
40,large
41,medium
42,small
43,large
44,small
45,small
46,medium
47,large
48,small
49,large
50,small
51,large
52,medium
53,large
54,large
55,large
56,medium
57,medium
58,medium
59,medium
60,large
61,medium
62,large
63,large
64,large
65,large
66,small
67,small
68,small
69,large
70,small
71,medium
72,small
73,small
74,medium
75,small
76,small
77,small
78,small
79,small
80,large
81,small
82,medium
83,large
84,medium
85,small
86,large
87,small
88,large
89,small
90,large
91,medium
92,large
93,small
94,small
95,large
96,small
97,small
98,large
99,small
100,large
101,large
102,small
103,small
104,medium
105,medium
106,small
107,medium
108,medium
109,medium
110,large
111,small
112,small
113,small
114,large
115,small
116,medium
117,large
118,large
119,large
120,small
121,medium
122,small
123,medium
124,medium
125,medium
126,large
127,large
128,small
129,large
130,large
131,medium
132,small
133,medium
134,large
135,medium
136,small
137,small
138,medium
139,large
140,large
141,small
142,small
143,large
144,large
145,medium
146,medium
147,large
148,large
149,large
150,large
151,large
152,small
153,small
154,small
155,medium
156,large
157,medium
158,medium
159,medium
160,large
161,medium
162,small
163,small
164,small
165,small
166,small
167,small
168,small
169,small
170,medium
171,small
172,large
173,large
174,medium
175,small
176,medium
177,small
178,medium
179,small
180,large
181,large
182,small
183,large
184,medium
185,small
186,large
187,small
188,large
189,large
190,medium
191,medium
192,medium
193,large
194,medium
195,small
196,small
197,small
198,large
199,small
200,small
201,medium
202,medium
203,large
204,small
205,large
206,medium
207,medium
208,large
209,small
210,large
211,small
212,large
213,medium
214,medium
215,small
216,small
217,medium
218,small
219,medium
220,large
221,large
222,large
223,small
224,small
225,medium
226,large
227,medium
228,large
229,small
230,large
231,small
232,large
233,medium
234,medium
235,large
236,small
237,small
238,large
239,medium
240,small
241,small
242,small
243,large
244,small
245,large
246,medium
247,small
248,small
249,large
250,large
251,medium
252,small
253,medium
254,medium
255,medium
256,large
257,medium
258,small
259,small
260,small
261,large
262,medium
263,small
264,large
265,small
266,medium
267,medium
268,small
269,small
270,large
271,medium
272,large
273,large
274,large
275,large
276,small
277,large
278,large
279,small
280,large
281,medium
282,small
283,medium
284,large
285,small
286,medium
287,large
288,large
289,small
290,small
291,small
292,small
293,large
294,medium
295,small
296,medium
297,large
298,small
299,medium
300,large
301,small
302,small
303,large
304,large
305,small
306,small
307,large
308,small
309,medium
310,large
311,medium
312,medium
313,small
314,large
315,small
316,large
317,large
318,small
319,medium
320,large
321,large
322,small
323,small
324,small
325,medium
326,small
327,medium
328,large
329,medium
330,small
331,small
332,small
333,small
334,medium
335,small
336,medium
337,small
338,medium
339,large
340,medium
341,large
342,small
343,large
344,medium
345,large
346,large
347,medium
348,medium
349,medium
350,medium
351,medium
352,medium
353,medium
354,large
355,small
356,medium
357,medium
358,large
359,medium
360,medium
361,small
362,medium
363,large
364,small
365,large
366,medium
367,large
368,small
369,large
370,large
371,medium
372,small
373,large
374,small
375,medium
376,small
377,medium
378,medium
379,large
380,medium
381,small
382,medium
383,large
384,medium
385,large
386,small
387,medium
388,medium
389,medium
390,large
391,medium
392,medium
393,small
394,small
395,small
396,small
397,large
398,small
399,medium
400,small
401,medium
402,medium
403,small
404,medium
405,small
406,small
407,small
408,large
409,medium
410,large
411,small
412,small
413,large
414,small
415,small
416,large
417,medium
418,medium
419,medium
420,small
421,medium
422,medium
423,large
424,large
425,medium
426,small
427,small
428,small
429,large
430,large
431,small
432,large
433,medium
434,large
435,medium
436,small
437,medium
438,small
439,medium
440,large
441,small
442,large
443,large
444,small
445,medium
446,small
447,small
448,medium
449,small
450,small
451,medium
452,large
453,small
454,large
455,small
456,small
457,small
458,small
459,large
460,large
461,large
462,large
463,medium
464,large
465,small
466,medium
467,small
468,small
469,medium
470,small
471,small
472,small
473,small
474,large
475,small
476,small
477,medium
478,small
479,large
480,large
481,small
482,medium
483,medium
484,large
485,large
486,large
487,medium
488,medium
489,large
490,large
491,large
492,medium
493,small
494,medium
495,small
496,small
497,large
498,small
499,small
500,large
501,small
502,large
503,small
504,small
505,small
506,small
507,medium
508,small
509,medium
510,medium
511,large
512,large
513,small
514,medium
515,medium
516,large
517,small
518,large
519,medium
520,small
521,medium
522,small
523,medium
524,medium
525,medium
526,medium
527,medium
528,medium
529,large
530,medium
531,small
532,small
533,small
534,large
535,small
536,large
537,small
538,large
539,large
540,medium
541,large
542,large
543,large
544,small
545,medium
546,large
547,small
548,large
549,large
550,large
551,medium
552,medium
553,large
554,medium
555,medium
556,large
557,large
558,small
559,medium
560,large
561,small
562,medium
563,small
564,large
565,medium
566,small
567,medium
568,small
569,large
570,small
571,medium
572,large
573,medium
574,large
575,small
576,medium
577,large
578,small
579,medium
580,medium
581,large
582,large
583,small
584,medium
585,large
586,small
587,medium
588,small
589,medium
590,small
591,large
592,large
593,medium
594,large
595,medium
596,medium
597,small
598,large
599,medium
600,large
601,large
602,medium
603,large
604,large
605,large
606,medium
607,small
608,large
609,medium
610,medium
611,small
612,large
613,large
614,large
615,large
616,medium
617,large
618,small
619,medium
620,small
621,medium
622,medium
623,small
624,small
625,large
626,medium
627,large
628,large
629,large
630,large
631,medium
632,large
633,small
634,large
635,large
636,medium
637,medium
638,large
639,small
640,medium
641,small
642,medium
643,medium
644,large
645,medium
646,small
647,medium
648,small
649,large
650,medium
651,large
652,medium
653,small
654,large
655,large
656,small
657,small
658,small
659,medium
660,medium
661,medium
662,large
663,medium
664,large
665,small
666,large
667,large
668,medium
669,small
670,large
671,medium
672,medium
673,medium
674,large
675,large
676,small
677,small
678,small
679,medium
680,small
681,medium
682,medium
683,small
684,medium
685,small
686,medium
687,medium
688,large
689,medium
690,large
691,large
692,small
693,small
694,small
695,small
696,small
697,small
698,small
699,large
700,large
701,small
702,medium
703,small
704,large
705,large
706,small
707,large
708,small
709,small
710,large
711,small
712,medium
713,large
714,large
715,medium
716,small
717,large
718,medium
719,large
720,medium
721,medium
722,large
723,medium
724,small
725,large
726,large
727,medium
728,small
729,small
730,large
731,large
732,medium
733,small
734,medium
735,small
736,small
737,large
738,large
739,medium
740,medium
741,large
742,small
743,medium
744,small
745,large
746,small
747,medium
748,medium
749,small
750,medium
751,large
752,large
753,medium
754,medium
755,small
756,small
757,large
758,large
759,medium
760,small
761,small
762,large
763,large
764,small
765,small
766,medium
767,large
768,small
769,large
770,medium
771,small
772,medium
773,medium
774,medium
775,large
776,large
777,large
778,small
779,small
780,small
781,medium
782,small
783,small
784,medium
785,medium
786,small
787,small
788,large
789,large
790,small
791,small
792,medium
793,small
794,large
795,small
796,medium
797,large
798,medium
799,small
800,small
801,medium
802,large
803,medium
804,medium
805,medium
806,large
807,medium
808,small
809,large
810,small
811,large
812,large
813,medium
814,large
815,medium
816,large
817,small
818,medium
819,small
820,small
821,large
822,large
823,large
824,large
825,medium
826,medium
827,small
828,medium
829,small
830,medium
831,medium
832,large
833,large
834,large
835,medium
836,large
837,small
838,medium
839,small
840,small
841,large
842,large
843,large
844,large
845,large
846,large
847,small
848,small
849,medium
850,medium
851,small
852,large
853,large
854,large
855,medium
856,medium
857,small
858,medium
859,medium
860,small
861,small
862,medium
863,small
864,small
865,small
866,small
867,medium
868,large
869,large
870,large
871,large
872,small
873,small
874,medium
875,medium
876,medium
877,medium
878,medium
879,medium
880,medium
881,large
882,large
883,small
884,large
885,small
886,medium
887,small
888,small
889,large
890,small
891,large
892,large
893,large
894,small
895,small
896,large
897,small
898,small
899,small
900,large
901,medium
902,medium
903,large
904,small
905,large
906,large
907,small
908,medium
909,large
910,medium
911,medium
912,medium
913,large
914,large
915,large
916,medium
917,small
918,large
919,small
920,medium
921,large
922,medium
923,medium
924,medium
925,small
926,large
927,small
928,medium
929,large
930,small
931,large
932,large
933,large
934,small
935,medium
936,large
937,small
938,small
939,large
940,large
941,small
942,medium
943,medium
944,large
945,large
946,medium
947,large
948,small
949,small
950,large
951,small
952,small
953,small
954,medium
955,large
956,large
957,medium
958,medium
959,large
960,small
961,large
962,large
963,medium
964,large
965,large
966,medium
967,large
968,medium
969,medium
970,large
971,small
972,small
973,large
974,small
975,large
976,medium
977,small
978,large
979,medium
980,small
981,large
982,small
983,medium
984,medium
985,small
986,large
987,small
988,large
989,medium
990,large
991,small
992,small
993,large
994,large
995,small
996,medium
997,large
998,small
999,large
1000,medium
